"Salary","Children","Catalogs","Age_Old","Age_Young","Gender_Male","OwnHome_Rent","Married_Single","Location_Far","History_Low","History_Medium","History_NA","AmountSpent","Amt_Spnt_Class_Low","Amt_Spnt_Class_Med","Amt_Spnt_Class_MidHigh","Amt_Spnt_Class_MidLow"
47500,0,6,1,0,0,0,1,1,0,0,0,755,1,0,0,0
63600,0,6,0,0,1,1,1,0,0,0,0,1318,0,0,0,1
13500,0,18,0,1,0,1,1,0,1,0,0,296,1,0,0,0
85600,1,18,0,0,1,0,0,0,0,0,0,2436,0,0,0,1
68400,0,12,0,0,0,0,1,0,0,0,0,1304,0,0,0,1
30400,0,6,0,1,1,0,0,0,1,0,0,495,1,0,0,0
48100,0,12,0,0,0,1,1,0,0,1,0,782,1,0,0,0
68400,0,18,0,0,1,0,1,0,0,0,0,1155,0,0,0,1
51900,3,6,0,0,0,0,0,0,1,0,0,158,1,0,0,0
80700,0,18,1,0,1,0,0,1,NA,NA,1,3034,0,1,0,0
43700,1,12,0,1,1,1,0,0,NA,NA,1,927,1,0,0,0
111800,3,18,0,0,1,0,0,1,0,0,0,2065,0,0,0,1
44100,1,24,0,0,0,0,0,0,0,1,0,704,1,0,0,0
111400,0,12,0,0,1,0,0,0,0,0,0,2136,0,0,0,1
110000,0,24,1,0,0,0,0,1,0,0,0,5564,0,0,0,0
83100,1,12,0,0,0,0,0,1,NA,NA,1,2766,0,1,0,0
82800,0,24,1,0,0,0,0,0,0,0,0,3010,0,1,0,0
90100,0,18,0,0,1,0,0,0,0,0,0,1956,0,0,0,1
38600,1,18,0,0,1,1,1,0,1,0,0,542,1,0,0,0
14000,0,12,1,0,0,1,1,1,1,0,0,410,1,0,0,0
14300,2,6,0,1,0,1,1,1,1,0,0,194,1,0,0,0
49800,0,12,0,1,1,1,0,0,0,1,0,827,1,0,0,0
60200,0,18,1,0,0,1,0,1,0,0,0,2328,0,0,0,1
43500,1,12,0,1,1,1,0,1,0,1,0,808,1,0,0,0
41700,1,6,0,1,0,1,0,0,NA,NA,1,521,1,0,0,0
92300,3,18,0,0,0,0,0,0,1,0,0,655,1,0,0,0
62800,3,6,0,0,1,0,1,0,NA,NA,1,707,1,0,0,0
72900,0,18,0,0,0,1,0,1,0,0,0,2075,0,0,0,1
66900,2,12,0,0,0,1,0,0,0,1,0,769,1,0,0,0
21700,1,18,0,1,1,1,1,0,NA,NA,1,774,1,0,0,0
39700,0,12,1,0,0,1,0,0,0,1,0,573,1,0,0,0
72200,1,12,0,0,1,1,0,1,0,0,0,2082,0,0,0,1
87700,3,24,0,0,0,1,0,0,NA,NA,1,2446,0,0,0,1
104100,0,24,0,0,1,0,0,0,0,0,0,2636,0,1,0,0
67700,0,12,0,0,1,1,1,1,0,0,0,2226,0,0,0,1
27000,2,6,0,0,0,0,1,0,1,0,0,183,1,0,0,0
64100,2,24,0,0,0,0,1,1,0,0,0,1595,0,0,0,1
47000,1,12,0,0,1,1,1,0,0,1,0,584,1,0,0,0
41600,0,18,1,0,0,0,0,0,NA,NA,1,982,1,0,0,0
20100,0,24,1,0,0,1,1,0,1,0,0,576,1,0,0,0
64000,3,12,0,0,1,0,1,0,1,0,0,410,1,0,0,0
96800,3,24,0,0,0,0,0,1,NA,NA,1,3082,0,1,0,0
76200,1,24,0,0,1,1,0,0,NA,NA,1,2437,0,0,0,1
81500,0,18,1,0,0,1,0,1,0,0,0,3655,0,0,1,0
49600,1,12,0,0,0,0,1,0,0,1,0,844,1,0,0,0
111500,0,18,1,0,0,0,0,0,0,0,0,2510,0,1,0,0
77700,0,6,0,0,1,0,0,0,NA,NA,1,983,1,0,0,0
58900,0,18,0,1,1,0,0,0,NA,NA,1,1215,0,0,0,1
126500,2,18,0,0,1,0,0,0,0,0,0,2000,0,0,0,1
83300,1,24,0,0,0,0,0,0,0,0,0,2574,0,1,0,0
90500,1,6,0,0,0,0,0,0,0,0,0,1116,0,0,0,1
87200,0,18,0,0,0,0,0,1,0,0,0,3604,0,0,1,0
105300,1,24,0,0,0,0,0,0,NA,NA,1,3360,0,1,0,0
56000,3,6,0,0,0,0,1,1,0,1,0,530,1,0,0,0
46600,0,24,0,0,0,1,1,0,0,1,0,906,1,0,0,0
69800,0,24,1,0,1,1,0,0,0,0,0,2764,0,1,0,0
60300,0,24,0,0,1,0,1,0,0,0,0,1263,0,0,0,1
67800,0,12,0,1,1,1,0,0,0,0,0,1084,0,0,0,1
42300,0,24,0,0,1,1,1,0,0,1,0,1051,0,0,0,1
33700,0,6,0,1,0,0,0,1,NA,NA,1,614,1,0,0,0
62700,2,12,0,0,1,0,1,0,0,1,0,704,1,0,0,0
25900,2,12,0,1,0,0,1,0,NA,NA,1,449,1,0,0,0
15600,1,6,0,1,0,0,1,0,1,0,0,136,1,0,0,0
14600,0,24,1,0,0,0,1,0,1,0,0,468,1,0,0,0
62600,0,6,1,0,0,0,0,0,0,0,0,565,1,0,0,0
66700,0,18,0,1,1,1,0,0,NA,NA,1,1310,0,0,0,1
72500,0,24,0,0,1,0,0,1,NA,NA,1,2595,0,1,0,0
13200,0,24,0,1,0,1,1,1,NA,NA,1,358,1,0,0,0
51300,0,24,0,0,0,0,1,0,0,1,0,1424,0,0,0,1
72300,0,24,0,0,1,0,1,1,0,0,0,4182,0,0,1,0
15600,0,12,0,1,0,1,1,0,NA,NA,1,468,1,0,0,0
90400,1,18,0,0,0,0,0,1,0,0,0,2924,0,1,0,0
71500,0,6,0,0,1,0,1,1,NA,NA,1,964,1,0,0,0
14400,0,24,0,1,1,1,1,0,NA,NA,1,615,1,0,0,0
15000,3,6,0,1,1,1,1,0,1,0,0,38,1,0,0,0
57600,1,6,0,0,1,0,1,0,NA,NA,1,1006,0,0,0,1
60600,3,12,0,1,0,1,0,0,1,0,0,307,1,0,0,0
84300,2,18,0,0,1,0,0,1,0,0,0,1648,0,0,0,1
24400,1,6,0,1,0,0,1,0,1,0,0,220,1,0,0,0
22100,2,18,0,1,0,1,1,0,1,0,0,280,1,0,0,0
48800,2,12,0,0,1,1,0,1,NA,NA,1,1647,0,0,0,1
74700,1,6,0,0,0,0,0,0,0,1,0,704,1,0,0,0
32400,1,24,0,1,0,1,1,1,0,1,0,920,1,0,0,0
11400,0,6,1,0,0,0,1,0,NA,NA,1,258,1,0,0,0
127000,0,12,0,0,1,0,0,0,NA,NA,1,1821,0,0,0,1
47200,0,18,0,0,1,1,1,0,0,1,0,1587,0,0,0,1
48700,2,12,0,0,0,0,1,0,1,0,0,528,1,0,0,0
20400,0,18,0,1,1,1,1,1,0,1,0,867,1,0,0,0
39000,0,6,0,0,1,1,1,0,NA,NA,1,643,1,0,0,0
12900,1,6,0,1,0,1,1,0,1,0,0,107,1,0,0,0
67300,1,18,0,0,0,1,0,1,0,0,0,1513,0,0,0,1
134500,0,24,1,0,1,0,0,0,0,0,0,4558,0,0,0,0
75500,0,6,1,0,1,0,0,0,0,0,0,741,1,0,0,0
33600,2,12,1,0,0,0,0,1,0,1,0,805,1,0,0,0
16300,1,12,0,1,0,1,1,0,NA,NA,1,470,1,0,0,0
27400,1,6,0,1,1,1,0,0,1,0,0,278,1,0,0,0
110400,3,24,0,0,0,0,0,0,1,0,0,1093,0,0,0,1
21100,1,6,0,1,0,1,1,1,1,0,0,470,1,0,0,0
81200,0,24,0,0,1,0,0,0,0,0,0,1856,0,0,0,1
87100,2,18,0,0,1,1,0,1,0,0,0,1688,0,0,0,1
21700,3,24,0,1,0,1,1,1,NA,NA,1,708,1,0,0,0
42200,0,18,0,0,0,1,1,0,NA,NA,1,1753,0,0,0,1
59000,0,24,0,0,1,1,1,1,0,0,0,3044,0,1,0,0
52700,2,18,0,0,0,0,1,0,1,0,0,855,1,0,0,0
20900,0,24,0,1,1,0,1,0,1,0,0,550,1,0,0,0
90700,3,24,0,0,1,0,0,1,0,0,0,2265,0,0,0,1
91800,0,24,1,0,0,0,0,1,NA,NA,1,2452,0,0,0,1
27900,0,18,0,1,0,0,1,1,0,1,0,1184,0,0,0,1
70700,0,24,1,0,0,0,0,0,0,0,0,2150,0,0,0,1
79600,2,6,0,0,1,0,0,0,NA,NA,1,1575,0,0,0,1
96400,1,24,0,0,1,1,0,0,0,0,0,1822,0,0,0,1
46600,2,18,0,0,0,0,1,0,NA,NA,1,1153,0,0,0,1
106600,0,12,1,0,1,0,0,0,0,0,0,1877,0,0,0,1
104900,3,6,0,0,0,1,0,0,1,0,0,450,1,0,0,0
56300,0,6,1,0,1,1,1,0,0,1,0,873,1,0,0,0
14800,1,6,0,1,0,1,1,0,1,0,0,209,1,0,0,0
58300,0,24,1,0,1,0,0,0,0,1,0,1472,0,0,0,1
70200,0,12,0,0,1,0,1,1,0,0,0,1702,0,0,0,1
59700,0,18,1,0,1,0,0,1,0,0,0,1857,0,0,0,1
25800,0,6,0,1,1,1,1,0,NA,NA,1,451,1,0,0,0
12000,0,24,0,1,0,1,1,0,1,0,0,344,1,0,0,0
51900,0,18,0,0,1,1,1,1,0,0,0,1492,0,0,0,1
66800,3,24,0,0,0,0,1,1,NA,NA,1,2098,0,0,0,1
105300,1,18,0,0,1,0,0,0,NA,NA,1,3505,0,0,1,0
13800,3,6,0,1,0,1,1,1,1,0,0,127,1,0,0,0
14800,3,12,0,1,1,1,1,0,NA,NA,1,436,1,0,0,0
44200,0,24,0,0,0,0,0,1,0,0,0,2524,0,1,0,0
10400,0,18,0,1,1,1,1,0,NA,NA,1,189,1,0,0,0
35200,0,12,0,0,0,0,1,0,0,1,0,607,1,0,0,0
16100,0,6,0,1,0,1,1,1,NA,NA,1,202,1,0,0,0
113000,2,18,0,0,1,0,0,0,0,1,0,1554,0,0,0,1
63300,2,6,0,0,1,0,0,0,NA,NA,1,633,1,0,0,0
19100,0,6,0,1,1,1,1,0,NA,NA,1,176,1,0,0,0
93400,2,24,0,0,0,0,0,0,NA,NA,1,3079,0,1,0,0
52500,0,24,1,0,0,1,0,1,0,0,0,2038,0,0,0,1
45400,3,24,0,0,0,1,0,1,0,1,0,1203,0,0,0,1
21400,3,6,0,1,0,0,1,1,NA,NA,1,326,1,0,0,0
53700,3,12,0,0,0,0,1,0,1,0,0,235,1,0,0,0
68000,0,24,0,1,0,0,0,1,0,0,0,3688,0,0,1,0
17400,0,12,0,1,1,1,1,0,NA,NA,1,332,1,0,0,0
14600,1,6,0,1,0,1,1,0,1,0,0,143,1,0,0,0
100100,0,12,1,0,0,0,0,1,0,0,0,3104,0,1,0,0
103700,1,24,0,0,1,0,0,1,0,0,0,2339,0,0,0,1
10800,3,6,0,1,0,1,1,1,1,0,0,123,1,0,0,0
81700,3,24,0,0,0,0,0,0,1,0,0,879,1,0,0,0
21400,0,18,1,0,0,1,1,0,1,0,0,498,1,0,0,0
114800,0,18,1,0,0,0,0,0,0,0,0,3596,0,0,1,0
67900,0,24,1,0,0,0,0,1,0,0,0,2925,0,1,0,0
53700,1,12,0,0,1,0,0,0,NA,NA,1,1081,0,0,0,1
11400,3,12,0,1,0,1,1,1,NA,NA,1,312,1,0,0,0
34300,3,12,0,1,1,1,0,0,NA,NA,1,1297,0,0,0,1
16400,1,12,0,1,0,1,1,0,1,0,0,218,1,0,0,0
109800,0,18,0,0,0,0,0,1,0,0,0,4279,0,0,1,0
64200,0,18,0,0,1,0,1,0,0,0,0,1642,0,0,0,1
17000,0,18,0,1,1,1,1,0,NA,NA,1,581,1,0,0,0
41400,3,6,0,0,0,1,1,0,1,0,0,223,1,0,0,0
49100,2,6,0,0,0,0,1,0,1,0,0,474,1,0,0,0
42600,0,24,1,0,0,0,1,1,0,0,0,1790,0,0,0,1
11900,1,6,0,1,0,1,1,0,1,0,0,143,1,0,0,0
113600,2,18,0,0,1,0,0,1,0,0,0,3237,0,1,0,0
52900,1,24,0,0,1,0,1,0,NA,NA,1,2316,0,0,0,1
14300,1,18,0,1,0,1,1,0,NA,NA,1,458,1,0,0,0
21000,0,24,0,1,1,1,1,0,1,0,0,646,1,0,0,0
59600,2,18,0,0,1,0,1,1,0,1,0,1217,0,0,0,1
39700,3,12,0,0,0,1,1,0,1,0,0,238,1,0,0,0
51200,0,12,1,0,1,0,0,0,0,1,0,1293,0,0,0,1
88200,0,24,0,0,0,0,0,0,NA,NA,1,2749,0,1,0,0
122100,0,12,0,0,1,0,0,1,0,0,0,2408,0,0,0,1
84800,0,18,1,0,0,1,0,0,0,0,0,2624,0,1,0,0
140000,0,12,0,0,1,0,0,1,0,0,0,4894,0,0,0,0
28500,0,24,1,0,0,0,1,0,1,0,0,621,1,0,0,0
60300,0,6,0,0,1,1,1,0,0,0,0,701,1,0,0,0
51900,0,6,0,1,0,1,0,1,NA,NA,1,780,1,0,0,0
60200,0,12,0,0,1,0,1,0,0,1,0,1365,0,0,0,1
81200,0,12,0,0,1,0,0,1,0,0,0,2693,0,1,0,0
73100,0,6,1,0,1,0,0,0,0,0,0,1582,0,0,0,1
45700,0,18,1,0,1,0,1,0,0,1,0,724,1,0,0,0
28900,0,12,1,0,0,1,1,0,1,0,0,830,1,0,0,0
60100,0,18,0,1,0,1,0,0,NA,NA,1,1594,0,0,0,1
84800,1,12,0,0,0,0,0,0,NA,NA,1,1826,0,0,0,1
35000,0,6,1,0,0,0,0,0,0,1,0,473,1,0,0,0
61700,0,12,0,1,0,1,0,0,NA,NA,1,1161,0,0,0,1
46900,0,6,1,0,0,1,0,0,0,1,0,703,1,0,0,0
123600,1,12,0,0,0,0,0,0,NA,NA,1,1892,0,0,0,1
45800,0,6,0,1,1,1,0,0,0,1,0,489,1,0,0,0
77800,1,18,0,0,1,0,0,1,0,0,0,1813,0,0,0,1
48700,1,12,0,0,0,0,1,0,NA,NA,1,1457,0,0,0,1
39000,3,6,0,0,0,1,1,1,1,0,0,292,1,0,0,0
40000,0,6,0,1,0,1,0,0,NA,NA,1,613,1,0,0,0
118300,1,18,0,0,0,1,0,0,NA,NA,1,2681,0,1,0,0
27100,2,24,0,1,0,0,1,0,1,0,0,437,1,0,0,0
91000,2,6,0,0,0,1,0,0,0,1,0,708,1,0,0,0
35300,0,24,0,0,0,0,0,0,0,1,0,1093,0,0,0,1
10200,2,18,0,1,0,1,1,1,1,0,0,213,1,0,0,0
12500,1,6,0,1,0,1,1,0,1,0,0,202,1,0,0,0
64600,0,6,1,0,0,0,1,0,NA,NA,1,1298,0,0,0,1
113800,0,12,0,0,1,0,0,1,NA,NA,1,3273,0,1,0,0
113400,3,18,0,0,1,0,0,1,0,0,0,1790,0,0,0,1
16900,1,6,0,1,0,1,1,0,1,0,0,247,1,0,0,0
13600,1,6,0,1,0,1,1,0,1,0,0,183,1,0,0,0
100100,1,24,0,0,1,0,0,1,0,0,0,3491,0,1,0,0
80000,0,6,1,0,0,0,0,1,0,0,0,1985,0,0,0,1
83900,0,24,0,0,1,0,0,0,0,0,0,1721,0,0,0,1
77000,0,12,0,0,1,0,0,0,0,0,0,2104,0,0,0,1
72900,3,6,0,0,0,1,0,0,1,0,0,252,1,0,0,0
80700,3,6,0,1,1,1,0,0,1,0,0,202,1,0,0,0
40900,1,18,0,1,0,1,0,0,0,1,0,962,1,0,0,0
26700,1,12,0,1,0,1,1,0,NA,NA,1,459,1,0,0,0
54700,0,18,0,0,1,0,0,0,0,1,0,848,1,0,0,0
23600,1,6,1,0,0,1,0,0,1,0,0,161,1,0,0,0
56900,0,24,0,0,1,1,1,1,0,0,0,1857,0,0,0,1
68700,1,24,0,0,1,0,1,1,NA,NA,1,1699,0,0,0,1
19300,1,24,0,1,0,1,1,0,1,0,0,308,1,0,0,0
20200,1,24,0,1,1,1,0,1,1,0,0,500,1,0,0,0
61500,3,24,0,0,0,1,0,1,0,1,0,1162,0,0,0,1
101700,1,24,0,0,0,0,0,1,NA,NA,1,2551,0,1,0,0
120800,1,24,0,0,0,1,0,1,0,0,0,5830,0,0,0,0
17300,1,18,0,1,0,1,1,1,1,0,0,381,1,0,0,0
42300,0,6,0,1,0,1,0,0,NA,NA,1,856,1,0,0,0
53300,0,18,0,0,1,1,1,0,0,1,0,1720,0,0,0,1
42800,0,12,0,0,0,1,1,0,0,1,0,759,1,0,0,0
98400,0,18,0,0,1,0,0,0,0,0,0,3305,0,1,0,0
51200,0,18,0,0,0,0,1,0,0,1,0,1257,0,0,0,1
62200,0,12,1,0,1,0,1,0,NA,NA,1,1583,0,0,0,1
109200,3,24,0,0,1,0,0,0,1,0,0,1102,0,0,0,1
11400,2,6,0,1,0,1,1,0,NA,NA,1,186,1,0,0,0
14000,0,12,0,1,0,1,1,0,1,0,0,229,1,0,0,0
97000,0,24,1,0,0,1,0,0,NA,NA,1,2599,0,1,0,0
29600,3,12,0,1,0,0,1,1,NA,NA,1,774,1,0,0,0
71200,1,12,1,0,1,0,0,0,0,1,0,638,1,0,0,0
15000,0,12,1,0,0,1,1,1,1,0,0,378,1,0,0,0
64000,1,6,0,0,1,1,0,1,NA,NA,1,1552,0,0,0,1
33000,0,12,1,0,1,0,0,1,0,1,0,979,1,0,0,0
74400,0,18,1,0,0,0,0,0,0,0,0,2479,0,0,0,1
20300,2,24,0,1,1,1,1,1,1,0,0,450,1,0,0,0
68700,0,24,0,0,1,1,0,0,0,0,0,2763,0,1,0,0
53600,3,24,0,1,1,1,0,1,0,1,0,1560,0,0,0,1
33200,0,24,1,0,0,0,1,0,0,1,0,1037,0,0,0,1
70900,0,6,0,1,0,0,0,1,NA,NA,1,690,1,0,0,0
23200,3,24,0,1,0,1,1,0,NA,NA,1,770,1,0,0,0
41400,0,18,0,1,1,0,1,0,0,1,0,643,1,0,0,0
63200,0,24,0,1,0,1,0,0,0,0,0,1512,0,0,0,1
107400,0,12,1,0,1,0,0,0,0,0,0,1485,0,0,0,1
13900,0,24,0,1,1,1,1,1,NA,NA,1,570,1,0,0,0
79900,1,18,0,0,0,1,0,0,0,1,0,1165,0,0,0,1
120000,3,18,0,0,1,0,0,1,0,0,0,1926,0,0,0,1
66300,0,18,1,0,1,1,0,1,NA,NA,1,2243,0,0,0,1
54400,3,18,0,0,0,0,1,0,1,0,0,342,1,0,0,0
84200,0,24,0,0,1,0,0,0,0,0,0,1654,0,0,0,1
13800,0,18,0,1,0,1,0,0,1,0,0,363,1,0,0,0
14500,1,6,0,1,0,1,1,1,1,0,0,222,1,0,0,0
21300,0,24,0,1,1,1,1,0,1,0,0,677,1,0,0,0
29000,0,6,1,0,1,1,1,0,1,0,0,482,1,0,0,0
14600,1,24,1,0,0,1,1,0,1,0,0,385,1,0,0,0
65300,0,18,1,0,1,0,1,0,0,0,0,1443,0,0,0,1
100800,1,24,0,0,0,0,0,0,0,0,0,1789,0,0,0,1
19800,1,24,0,1,0,1,1,1,1,0,0,991,1,0,0,0
56700,2,18,0,0,1,0,1,0,1,0,0,536,1,0,0,0
90200,0,18,1,0,1,1,0,0,0,0,0,2183,0,0,0,1
26100,1,6,0,1,1,1,1,0,NA,NA,1,494,1,0,0,0
15900,0,18,0,1,0,1,1,0,1,0,0,503,1,0,0,0
12700,3,12,0,1,0,1,1,0,1,0,0,87,1,0,0,0
43200,0,24,0,0,1,1,1,0,NA,NA,1,917,1,0,0,0
114100,1,24,0,0,0,1,0,0,NA,NA,1,1976,0,0,0,1
96100,3,12,0,0,1,0,0,0,1,0,0,316,1,0,0,0
97200,0,12,0,0,1,0,0,0,NA,NA,1,1634,0,0,0,1
82400,2,24,0,0,1,0,0,1,0,0,0,2035,0,0,0,1
62000,0,24,1,0,1,0,1,1,0,0,0,3293,0,1,0,0
13400,1,12,0,1,0,1,1,0,1,0,0,143,1,0,0,0
108200,3,12,0,0,1,0,0,0,1,0,0,635,1,0,0,0
76200,0,12,0,1,0,0,0,0,0,0,0,979,1,0,0,0
81800,1,18,0,0,1,1,0,0,0,0,0,1838,0,0,0,1
12000,0,6,0,1,0,1,1,1,1,0,0,264,1,0,0,0
76100,0,6,0,0,1,0,0,0,NA,NA,1,719,1,0,0,0
82100,1,18,0,0,1,0,0,0,0,0,0,1308,0,0,0,1
103300,0,24,1,0,0,0,0,0,0,0,0,3378,0,1,0,0
14200,1,24,0,1,1,1,1,0,NA,NA,1,400,1,0,0,0
47500,0,6,0,0,0,0,1,1,0,0,0,847,1,0,0,0
31300,1,6,0,1,0,1,1,0,1,0,0,357,1,0,0,0
32700,1,18,0,1,0,1,0,1,NA,NA,1,1276,0,0,0,1
72200,0,24,0,0,1,0,0,0,0,0,0,2492,0,0,0,1
107600,2,12,0,0,0,0,0,0,0,1,0,1512,0,0,0,1
109900,2,12,0,0,1,0,0,0,0,1,0,870,1,0,0,0
65400,2,24,0,0,0,0,0,0,0,1,0,938,1,0,0,0
43300,0,12,1,0,0,0,1,0,NA,NA,1,1584,0,0,0,1
51900,0,12,1,0,0,0,1,0,0,1,0,1148,0,0,0,1
80600,0,24,0,0,0,0,0,1,0,0,0,2840,0,1,0,0
42700,0,12,0,0,0,1,1,0,0,1,0,827,1,0,0,0
19000,0,12,0,1,1,1,1,1,NA,NA,1,428,1,0,0,0
14500,1,6,0,1,0,1,1,0,1,0,0,183,1,0,0,0
68200,1,6,0,0,0,0,0,0,NA,NA,1,818,1,0,0,0
36700,0,12,0,1,1,1,0,0,0,1,0,731,1,0,0,0
54600,0,24,1,0,1,0,0,1,0,0,0,2163,0,0,0,1
65900,1,12,0,0,1,0,0,0,0,1,0,1081,0,0,0,1
39600,0,12,0,1,1,0,1,1,NA,NA,1,1085,0,0,0,1
67300,3,6,0,1,1,1,0,1,NA,NA,1,1212,0,0,0,1
59700,1,18,0,0,1,0,1,0,NA,NA,1,1422,0,0,0,1
102800,2,18,0,0,0,0,0,1,0,0,0,2238,0,0,0,1
34700,0,18,0,0,0,1,1,0,NA,NA,1,1615,0,0,0,1
50600,3,6,0,0,1,0,1,0,NA,NA,1,713,1,0,0,0
106700,2,6,0,0,1,1,0,0,0,1,0,607,1,0,0,0
53900,1,6,0,0,1,1,1,0,0,1,0,735,1,0,0,0
25500,2,6,0,1,0,1,0,0,1,0,0,139,1,0,0,0
46300,1,18,0,1,1,1,0,1,0,1,0,1357,0,0,0,1
55500,0,18,1,0,1,0,0,0,0,1,0,858,1,0,0,0
27800,3,12,0,1,0,0,1,0,NA,NA,1,408,1,0,0,0
118600,1,12,0,0,1,0,0,0,NA,NA,1,1553,0,0,0,1
130700,3,6,0,0,0,0,0,0,NA,NA,1,2070,0,0,0,1
42800,0,12,1,0,1,1,1,0,0,1,0,922,1,0,0,0
118300,1,12,0,0,0,0,0,1,0,0,0,2502,0,1,0,0
25600,2,18,0,1,0,1,1,1,NA,NA,1,426,1,0,0,0
63500,2,24,0,0,1,1,0,0,NA,NA,1,2321,0,0,0,1
30900,0,18,1,0,0,0,1,0,0,1,0,862,1,0,0,0
55900,1,24,0,0,1,0,1,0,NA,NA,1,2555,0,1,0,0
53900,0,12,0,0,1,0,1,1,NA,NA,1,1186,0,0,0,1
84300,0,24,1,0,1,0,0,0,0,0,0,2842,0,1,0,0
53400,1,12,1,0,1,0,1,0,0,1,0,886,1,0,0,0
96900,1,12,0,0,1,0,0,0,0,0,0,1420,0,0,0,1
55800,1,6,0,0,1,1,1,1,NA,NA,1,821,1,0,0,0
25900,1,6,0,1,0,1,0,0,1,0,0,242,1,0,0,0
22000,1,12,0,1,0,1,1,0,1,0,0,472,1,0,0,0
96700,2,12,0,0,0,1,0,0,0,1,0,1231,0,0,0,1
40200,1,12,0,0,0,1,1,0,NA,NA,1,881,1,0,0,0
26800,0,12,1,0,1,0,0,0,1,0,0,435,1,0,0,0
16700,2,12,0,1,0,1,1,0,1,0,0,108,1,0,0,0
40900,2,18,0,1,0,1,0,0,1,0,0,576,1,0,0,0
41500,3,24,0,1,1,1,0,1,NA,NA,1,1314,0,0,0,1
20900,0,6,0,1,1,1,1,0,NA,NA,1,296,1,0,0,0
69700,2,6,0,1,0,1,0,0,0,1,0,584,1,0,0,0
61800,0,24,0,0,1,1,1,0,0,0,0,1156,0,0,0,1
102500,1,24,0,0,1,0,0,0,0,0,0,2464,0,0,0,1
48900,3,18,0,0,0,0,0,0,NA,NA,1,915,1,0,0,0
60300,0,24,0,0,1,0,1,0,NA,NA,1,2091,0,0,0,1
41600,0,24,0,1,1,1,0,1,0,0,0,1690,0,0,0,1
73700,1,12,0,0,1,0,1,0,0,1,0,1274,0,0,0,1
27000,1,24,0,1,0,1,1,0,NA,NA,1,1012,0,0,0,1
43700,0,12,0,0,0,1,1,0,0,1,0,950,1,0,0,0
10200,2,12,0,1,1,1,1,0,NA,NA,1,333,1,0,0,0
63300,2,24,0,0,0,0,0,0,0,1,0,679,1,0,0,0
33200,2,12,0,1,0,0,1,1,0,1,0,607,1,0,0,0
78800,0,18,1,0,0,0,0,1,0,0,0,3398,0,1,0,0
82500,0,6,0,0,1,0,0,0,0,0,0,859,1,0,0,0
80800,2,18,0,0,1,0,1,1,0,0,0,2444,0,0,0,1
88100,2,24,0,0,1,0,0,0,0,1,0,1078,0,0,0,1
124800,3,18,0,0,1,1,0,1,0,0,0,2537,0,1,0,0
31900,0,6,0,1,1,0,1,0,0,1,0,616,1,0,0,0
53300,3,6,0,0,0,0,1,0,NA,NA,1,508,1,0,0,0
15400,0,6,1,0,1,0,0,1,1,0,0,297,1,0,0,0
70200,0,6,0,0,1,0,0,0,NA,NA,1,1583,0,0,0,1
23000,3,6,0,1,0,1,1,0,1,0,0,79,1,0,0,0
82400,2,18,0,0,0,0,0,0,0,1,0,657,1,0,0,0
97900,0,24,0,0,0,0,0,0,0,0,0,2149,0,0,0,1
88400,0,18,1,0,0,1,0,1,0,0,0,3632,0,0,1,0
86900,0,18,0,0,0,0,0,0,0,0,0,2230,0,0,0,1
45100,1,12,0,0,0,0,1,0,0,1,0,448,1,0,0,0
41800,3,24,0,0,1,1,1,0,1,0,0,301,1,0,0,0
74800,0,18,1,0,1,0,0,0,0,0,0,1968,0,0,0,1
73000,1,6,0,0,0,1,0,0,0,1,0,490,1,0,0,0
118500,1,24,0,0,1,0,0,0,0,0,0,3063,0,1,0,0
65300,3,6,0,0,1,0,1,0,1,0,0,193,1,0,0,0
66300,2,12,0,0,0,1,0,0,0,1,0,544,1,0,0,0
103900,1,24,0,0,1,0,0,1,0,0,0,2666,0,1,0,0
71900,0,18,0,0,0,0,0,0,0,0,0,1846,0,0,0,1
86100,1,12,0,0,1,0,0,1,NA,NA,1,1255,0,0,0,1
96300,1,12,0,0,1,0,0,0,0,0,0,1081,0,0,0,1
10200,3,6,0,1,0,1,1,0,NA,NA,1,199,1,0,0,0
96300,2,18,0,0,1,0,0,0,NA,NA,1,3916,0,0,1,0
24000,1,6,1,0,0,0,1,1,1,0,0,357,1,0,0,0
46700,0,24,0,0,0,1,0,0,0,1,0,983,1,0,0,0
53700,2,12,0,0,0,1,1,0,NA,NA,1,1194,0,0,0,1
108300,2,12,0,0,1,1,0,0,NA,NA,1,2224,0,0,0,1
12100,1,6,0,1,0,1,1,0,1,0,0,90,1,0,0,0
36600,0,6,0,1,1,1,0,0,NA,NA,1,587,1,0,0,0
66300,0,12,1,0,1,0,0,0,0,0,0,1088,0,0,0,1
33400,1,6,0,1,0,0,1,0,NA,NA,1,617,1,0,0,0
70000,1,6,0,0,1,0,0,1,NA,NA,1,1227,0,0,0,1
47900,1,24,0,0,0,0,1,0,0,1,0,662,1,0,0,0
40500,2,18,0,0,0,1,0,0,1,0,0,622,1,0,0,0
69100,0,12,1,0,1,0,1,0,0,0,0,1477,0,0,0,1
13300,1,6,0,1,0,1,1,0,NA,NA,1,236,1,0,0,0
75800,1,12,0,0,0,1,0,1,0,0,0,1830,0,0,0,1
48600,0,24,0,0,0,1,0,0,0,1,0,1583,0,0,0,1
39600,0,12,1,0,0,0,1,0,0,1,0,610,1,0,0,0
11700,0,12,0,1,0,1,1,0,1,0,0,193,1,0,0,0
52600,1,12,0,1,1,1,0,0,0,1,0,1052,0,0,0,1
14600,3,6,0,1,1,1,1,0,NA,NA,1,307,1,0,0,0
123000,0,24,1,0,1,0,0,0,0,0,0,3671,0,0,1,0
64600,0,18,1,0,0,1,0,1,0,0,0,2206,0,0,0,1
34600,2,18,0,0,0,0,1,1,0,1,0,748,1,0,0,0
74500,0,6,0,0,1,0,0,0,0,0,0,1481,0,0,0,1
56600,0,24,1,0,1,0,0,0,NA,NA,1,1607,0,0,0,1
37000,1,6,1,0,0,1,1,0,NA,NA,1,632,1,0,0,0
18400,1,6,0,1,0,1,1,1,1,0,0,303,1,0,0,0
25000,0,6,0,1,1,1,1,0,1,0,0,264,1,0,0,0
61400,1,24,0,0,1,0,0,1,0,0,0,1575,0,0,0,1
76400,2,18,0,0,1,0,0,0,0,1,0,881,1,0,0,0
55100,0,18,0,1,1,0,0,0,0,1,0,1439,0,0,0,1
22800,0,12,1,0,0,0,0,1,NA,NA,1,452,1,0,0,0
10100,1,6,1,0,0,0,0,0,1,0,0,93,1,0,0,0
17800,0,18,0,1,1,1,1,0,1,0,0,292,1,0,0,0
59100,1,6,0,0,0,0,0,0,NA,NA,1,1426,0,0,0,1
19700,2,6,0,1,0,1,1,1,1,0,0,330,1,0,0,0
73800,0,24,0,0,1,0,0,1,0,0,0,3120,0,1,0,0
113300,1,18,0,0,1,0,0,1,0,0,0,5151,0,0,0,0
118400,2,12,0,0,1,0,0,1,NA,NA,1,3941,0,0,1,0
92300,1,24,0,0,1,0,0,0,NA,NA,1,2141,0,0,0,1
11200,0,6,0,1,1,1,1,0,NA,NA,1,106,1,0,0,0
30100,0,12,0,1,0,1,0,1,0,1,0,530,1,0,0,0
43500,1,12,0,0,0,0,1,0,0,1,0,500,1,0,0,0
97500,0,18,0,0,1,0,0,0,0,0,0,2837,0,1,0,0
54600,0,24,1,0,1,0,0,0,0,1,0,1246,0,0,0,1
42500,1,6,0,0,1,1,1,1,NA,NA,1,798,1,0,0,0
82800,0,6,0,0,1,0,1,0,NA,NA,1,1544,0,0,0,1
62300,0,24,1,0,1,0,0,1,0,0,0,2644,0,1,0,0
21900,2,6,0,1,1,1,1,1,NA,NA,1,192,1,0,0,0
35600,3,18,0,0,0,1,1,1,1,0,0,865,1,0,0,0
96900,0,6,0,0,1,0,0,0,0,0,0,1159,0,0,0,1
36900,1,18,0,1,0,1,0,0,NA,NA,1,1480,0,0,0,1
93500,1,18,0,0,0,1,0,0,0,0,0,1426,0,0,0,1
97300,1,12,0,0,1,0,0,0,NA,NA,1,3048,0,1,0,0
21900,0,12,0,1,1,1,1,0,1,0,0,276,1,0,0,0
63000,0,24,0,0,1,1,1,0,0,0,0,1910,0,0,0,1
11500,3,6,0,1,0,1,1,0,NA,NA,1,157,1,0,0,0
44600,2,6,0,0,1,0,1,0,1,0,0,236,1,0,0,0
21900,1,12,0,1,0,1,1,0,NA,NA,1,576,1,0,0,0
45100,1,12,0,0,1,1,1,1,0,1,0,794,1,0,0,0
74900,0,12,1,0,0,0,0,0,0,0,0,1474,0,0,0,1
14200,0,6,0,1,1,1,1,0,1,0,0,250,1,0,0,0
23200,2,24,0,1,0,1,1,1,NA,NA,1,788,1,0,0,0
73300,0,12,1,0,1,0,0,0,NA,NA,1,1694,0,0,0,1
41300,0,24,1,0,1,0,0,1,0,0,0,1985,0,0,0,1
32700,0,24,1,0,0,0,1,1,0,1,0,1252,0,0,0,1
35200,0,12,1,0,0,0,1,0,NA,NA,1,827,1,0,0,0
13100,0,18,0,1,0,1,1,0,NA,NA,1,314,1,0,0,0
97400,1,6,0,0,1,0,0,0,0,0,0,880,1,0,0,0
23100,2,6,0,1,0,1,1,1,1,0,0,466,1,0,0,0
49200,3,12,0,0,1,0,1,0,1,0,0,210,1,0,0,0
45000,1,18,0,0,1,0,1,1,NA,NA,1,902,1,0,0,0
87200,0,18,0,0,1,0,0,0,0,0,0,1274,0,0,0,1
49900,1,24,0,0,1,0,1,0,NA,NA,1,1631,0,0,0,1
66900,0,12,0,0,1,0,0,0,0,0,0,1220,0,0,0,1
47600,1,12,0,0,0,0,1,0,0,1,0,801,1,0,0,0
47900,0,12,0,0,0,0,1,0,NA,NA,1,1090,0,0,0,1
59400,0,18,0,0,1,0,1,0,0,1,0,1699,0,0,0,1
32700,2,6,0,0,0,1,1,0,1,0,0,273,1,0,0,0
34200,1,18,0,0,1,1,1,0,1,0,0,523,1,0,0,0
96600,0,12,0,0,1,0,0,0,NA,NA,1,1437,0,0,0,1
126300,1,6,0,0,0,0,0,0,0,0,0,1888,0,0,0,1
31600,1,12,0,1,1,1,1,0,NA,NA,1,476,1,0,0,0
108100,3,18,0,0,0,0,0,1,0,0,0,2632,0,1,0,0
43300,3,24,0,0,0,1,1,0,1,0,0,326,1,0,0,0
17900,0,6,1,0,0,1,1,1,1,0,0,446,1,0,0,0
50100,1,18,0,0,1,0,1,1,0,0,0,1071,0,0,0,1
74700,0,12,1,0,0,0,0,0,0,0,0,1699,0,0,0,1
60000,0,6,1,0,1,1,0,0,0,1,0,966,1,0,0,0
33400,0,12,0,1,1,0,1,0,NA,NA,1,567,1,0,0,0
68800,0,6,0,0,0,1,0,0,NA,NA,1,1658,0,0,0,1
25700,2,6,0,0,0,1,1,0,1,0,0,173,1,0,0,0
83700,0,24,0,0,1,0,0,0,0,0,0,3344,0,1,0,0
50500,0,12,0,0,1,1,1,0,0,1,0,1029,0,0,0,1
17300,0,12,0,1,0,1,1,0,1,0,0,345,1,0,0,0
45800,0,6,0,0,1,0,1,0,NA,NA,1,712,1,0,0,0
108900,0,12,1,0,1,0,0,0,0,0,0,1841,0,0,0,1
60500,2,6,0,0,0,1,0,0,1,0,0,409,1,0,0,0
84100,0,18,1,0,0,0,0,1,0,0,0,2710,0,1,0,0
25100,0,12,0,1,1,1,0,1,0,1,0,592,1,0,0,0
69900,1,18,0,0,1,0,0,0,NA,NA,1,2101,0,0,0,1
97100,0,12,0,0,1,0,0,0,NA,NA,1,1473,0,0,0,1
72200,2,18,0,0,0,0,0,0,0,1,0,715,1,0,0,0
78900,0,18,1,0,0,0,0,1,0,0,0,2233,0,0,0,1
62500,3,6,0,0,0,0,1,1,NA,NA,1,921,1,0,0,0
17800,1,6,0,1,0,1,1,0,1,0,0,216,1,0,0,0
105500,1,6,0,0,0,0,0,0,0,0,0,1781,0,0,0,1
46100,2,12,0,0,0,0,1,0,1,0,0,418,1,0,0,0
27100,1,12,0,1,1,1,1,0,1,0,0,268,1,0,0,0
60300,1,6,0,1,1,1,0,1,NA,NA,1,1252,0,0,0,1
12000,0,6,0,1,0,1,1,0,1,0,0,140,1,0,0,0
48400,0,12,0,0,0,0,1,0,0,1,0,992,1,0,0,0
45600,0,18,0,0,1,1,1,0,0,1,0,1388,0,0,0,1
35200,2,6,0,0,0,0,1,0,1,0,0,233,1,0,0,0
60200,0,24,0,0,1,1,1,1,0,0,0,2304,0,0,0,1
53900,1,18,0,0,0,1,0,1,0,0,0,2177,0,0,0,1
70400,2,12,0,0,1,0,0,0,NA,NA,1,1127,0,0,0,1
36900,0,18,0,1,1,1,0,0,0,1,0,721,1,0,0,0
36100,0,12,1,0,0,0,1,0,0,1,0,438,1,0,0,0
11000,2,18,0,1,0,1,1,0,NA,NA,1,393,1,0,0,0
61600,0,18,0,0,1,0,1,0,NA,NA,1,1666,0,0,0,1
88700,1,18,0,0,1,0,0,0,NA,NA,1,2448,0,0,0,1
88600,1,18,0,0,0,0,0,1,0,0,0,2563,0,1,0,0
79500,0,18,0,0,1,1,0,0,0,0,0,1763,0,0,0,1
18900,1,6,0,1,0,1,1,0,1,0,0,184,1,0,0,0
17300,0,6,1,0,0,0,1,0,1,0,0,166,1,0,0,0
81400,2,6,0,0,0,1,0,0,NA,NA,1,1014,0,0,0,1
36500,0,24,0,1,1,1,0,0,0,1,0,1140,0,0,0,1
43300,1,18,0,0,0,0,1,0,NA,NA,1,1021,0,0,0,1
76700,1,24,0,0,1,0,0,0,0,1,0,1431,0,0,0,1
123000,1,24,0,0,1,0,0,1,0,0,0,5878,0,0,0,0
56300,3,6,0,0,1,0,1,0,1,0,0,321,1,0,0,0
70000,0,24,0,0,1,0,0,0,0,0,0,1974,0,0,0,1
48100,0,18,0,0,1,0,1,0,0,1,0,1640,0,0,0,1
79400,0,6,0,1,0,1,0,0,NA,NA,1,1175,0,0,0,1
63700,3,12,0,0,0,0,0,0,1,0,0,364,1,0,0,0
21200,0,12,0,1,1,1,1,0,NA,NA,1,417,1,0,0,0
53900,0,12,0,0,1,1,1,0,0,1,0,1060,0,0,0,1
118800,0,18,1,0,0,0,0,0,0,0,0,2176,0,0,0,1
79400,3,6,0,0,0,0,0,0,1,0,0,200,1,0,0,0
20400,0,24,1,0,0,1,1,1,NA,NA,1,513,1,0,0,0
52400,0,18,0,0,1,1,1,0,NA,NA,1,857,1,0,0,0
17600,0,6,1,0,0,0,1,0,1,0,0,224,1,0,0,0
23500,0,12,0,1,1,1,1,0,1,0,0,371,1,0,0,0
56900,2,12,0,1,1,1,0,0,1,0,0,687,1,0,0,0
95100,2,12,0,0,1,0,0,0,0,1,0,809,1,0,0,0
119800,2,24,0,0,1,0,0,0,0,1,0,2090,0,0,0,1
58700,0,24,1,0,1,0,1,0,NA,NA,1,1479,0,0,0,1
76700,2,6,0,0,0,0,0,0,0,1,0,534,1,0,0,0
67600,1,18,0,0,1,0,0,0,0,1,0,1172,0,0,0,1
61500,2,24,0,0,1,0,1,0,0,1,0,968,1,0,0,0
72900,0,6,1,0,0,0,0,0,0,0,0,753,1,0,0,0
21200,0,6,1,0,0,1,1,0,1,0,0,242,1,0,0,0
32400,1,12,1,0,1,1,1,0,1,0,0,515,1,0,0,0
62200,3,24,0,0,0,0,0,0,NA,NA,1,2119,0,0,0,1
24400,0,6,1,0,0,0,1,0,1,0,0,491,1,0,0,0
66500,3,12,0,0,1,0,0,0,1,0,0,286,1,0,0,0
72200,0,24,1,0,0,1,0,1,0,0,0,3069,0,1,0,0
16900,2,6,0,1,0,1,1,0,NA,NA,1,281,1,0,0,0
56300,0,24,0,1,1,1,0,0,NA,NA,1,1608,0,0,0,1
22000,0,12,1,0,0,0,1,1,0,1,0,736,1,0,0,0
18800,2,18,0,1,0,1,1,0,1,0,0,170,1,0,0,0
26600,2,24,0,1,0,1,1,0,1,0,0,245,1,0,0,0
72100,0,24,0,0,0,1,0,0,0,0,0,3052,0,1,0,0
55600,0,18,0,0,1,0,1,1,0,0,0,1786,0,0,0,1
14600,3,6,0,1,0,1,1,0,1,0,0,47,1,0,0,0
45900,0,24,1,0,1,0,0,0,0,1,0,1645,0,0,0,1
15100,0,6,0,1,0,0,1,0,1,0,0,274,1,0,0,0
140700,3,12,0,0,1,0,0,0,0,1,0,1001,0,0,0,1
90300,0,24,0,0,1,0,0,0,0,0,0,1944,0,0,0,1
95900,0,24,1,0,1,0,0,0,0,0,0,2585,0,1,0,0
20800,0,6,0,1,1,1,1,1,NA,NA,1,260,1,0,0,0
98400,0,12,0,0,1,0,0,0,0,0,0,1414,0,0,0,1
15000,2,12,0,1,0,1,1,0,NA,NA,1,341,1,0,0,0
17700,1,12,0,1,1,1,1,0,1,0,0,268,1,0,0,0
102400,1,18,0,0,1,0,0,0,0,0,0,1237,0,0,0,1
17800,1,18,0,1,1,1,1,1,NA,NA,1,589,1,0,0,0
13800,1,12,0,1,1,1,1,1,1,0,0,368,1,0,0,0
50500,1,12,0,0,0,1,1,0,0,1,0,940,1,0,0,0
42000,3,18,0,0,0,1,1,0,1,0,0,232,1,0,0,0
95800,3,12,0,0,1,0,0,0,1,0,0,678,1,0,0,0
15200,0,12,0,1,1,1,1,0,NA,NA,1,324,1,0,0,0
15800,2,12,0,1,1,1,1,0,1,0,0,147,1,0,0,0
51400,0,6,1,0,1,0,1,0,NA,NA,1,694,1,0,0,0
38200,0,6,1,0,0,1,0,0,0,1,0,526,1,0,0,0
39900,1,12,0,0,0,1,1,0,1,0,0,586,1,0,0,0
21600,2,12,0,1,0,0,1,0,NA,NA,1,491,1,0,0,0
65900,0,24,1,0,0,0,0,0,0,0,0,1436,0,0,0,1
97500,1,12,0,0,0,0,0,0,0,0,0,1280,0,0,0,1
63000,0,18,0,0,1,1,0,1,0,0,0,2107,0,0,0,1
31900,0,12,0,1,0,0,1,1,NA,NA,1,860,1,0,0,0
45500,1,18,0,0,0,1,1,1,NA,NA,1,1624,0,0,0,1
12800,0,12,1,0,0,0,1,0,NA,NA,1,230,1,0,0,0
12600,2,12,1,0,0,0,0,1,1,0,0,164,1,0,0,0
50700,3,6,0,0,1,1,1,0,1,0,0,157,1,0,0,0
17900,3,6,0,1,0,1,1,0,1,0,0,62,1,0,0,0
14400,1,18,0,1,0,1,1,0,1,0,0,223,1,0,0,0
23800,0,6,1,0,0,0,1,0,1,0,0,438,1,0,0,0
84700,3,24,0,0,1,0,0,0,NA,NA,1,2705,0,1,0,0
36900,1,6,0,0,0,1,1,0,1,0,0,371,1,0,0,0
20600,0,6,1,0,0,0,1,0,1,0,0,201,1,0,0,0
41500,0,24,0,1,1,1,0,0,NA,NA,1,1213,0,0,0,1
83100,2,6,0,0,1,0,0,0,0,1,0,586,1,0,0,0
88700,2,24,0,0,1,0,0,1,0,0,0,2693,0,1,0,0
54700,0,24,1,0,0,0,0,0,0,1,0,1404,0,0,0,1
68900,2,18,0,0,1,0,1,0,NA,NA,1,2784,0,1,0,0
22200,2,18,0,1,0,1,1,0,1,0,0,275,1,0,0,0
70900,1,12,0,0,0,0,0,0,0,1,0,794,1,0,0,0
55900,0,12,0,0,1,0,1,0,0,1,0,964,1,0,0,0
80800,1,18,0,0,0,0,0,0,NA,NA,1,1598,0,0,0,1
100600,3,24,0,0,1,0,0,1,0,0,0,2838,0,1,0,0
39900,0,6,1,0,0,0,1,0,NA,NA,1,619,1,0,0,0
71200,3,12,0,1,0,1,0,0,1,0,0,392,1,0,0,0
61000,0,18,1,0,0,0,0,0,NA,NA,1,1850,0,0,0,1
38700,0,24,1,0,1,0,1,0,NA,NA,1,1506,0,0,0,1
98900,0,18,0,0,1,0,0,1,NA,NA,1,3126,0,1,0,0
64300,0,6,0,0,1,0,1,0,NA,NA,1,1325,0,0,0,1
75600,0,12,0,0,0,0,0,0,NA,NA,1,1541,0,0,0,1
53700,0,24,0,1,0,1,0,1,0,0,0,2491,0,0,0,1
66600,0,18,0,0,1,0,1,0,0,0,0,1177,0,0,0,1
89000,0,12,1,0,0,0,0,0,0,0,0,1487,0,0,0,1
18200,2,12,0,1,0,1,1,1,1,0,0,322,1,0,0,0
73600,1,6,0,1,0,1,0,0,0,1,0,647,1,0,0,0
45600,0,12,0,0,0,1,1,1,0,0,0,1322,0,0,0,1
73000,0,6,0,1,1,0,0,0,NA,NA,1,1534,0,0,0,1
29600,3,12,0,1,1,0,1,0,NA,NA,1,583,1,0,0,0
92900,1,6,0,0,1,1,0,0,NA,NA,1,1705,0,0,0,1
13900,0,6,1,0,0,1,1,1,1,0,0,191,1,0,0,0
64300,3,6,0,1,1,1,0,0,1,0,0,239,1,0,0,0
77100,2,6,0,0,1,0,0,0,0,1,0,568,1,0,0,0
27500,3,12,0,1,0,0,1,0,NA,NA,1,571,1,0,0,0
81800,0,6,1,0,1,1,0,0,0,0,0,919,1,0,0,0
41700,0,18,1,0,0,1,0,0,0,1,0,1398,0,0,0,1
51000,0,12,1,0,0,0,0,0,0,1,0,1025,0,0,0,1
55900,1,12,0,0,1,1,1,0,0,1,0,909,1,0,0,0
19800,2,12,0,1,1,1,1,0,1,0,0,209,1,0,0,0
17600,0,6,0,1,1,1,1,0,NA,NA,1,245,1,0,0,0
84100,1,24,0,0,1,1,0,1,0,0,0,2362,0,0,0,1
85600,0,24,0,0,1,0,0,0,0,0,0,3380,0,1,0,0
13400,0,18,0,1,1,1,1,0,1,0,0,424,1,0,0,0
47200,1,12,0,1,0,1,0,1,0,1,0,1272,0,0,0,1
96300,1,24,0,0,1,0,0,0,0,0,0,1909,0,0,0,1
60500,3,12,0,0,1,0,0,0,1,0,0,340,1,0,0,0
35800,1,24,0,0,0,0,1,0,NA,NA,1,1355,0,0,0,1
106100,3,12,0,0,1,1,0,0,1,0,0,472,1,0,0,0
18000,0,12,0,1,1,1,1,0,1,0,0,303,1,0,0,0
50000,1,6,0,0,1,1,1,1,NA,NA,1,1079,0,0,0,1
58200,0,18,1,0,0,0,1,0,0,1,0,981,1,0,0,0
13500,2,12,0,1,0,1,1,1,1,0,0,160,1,0,0,0
59900,1,6,0,0,0,0,0,0,NA,NA,1,613,1,0,0,0
18400,1,12,0,1,0,1,1,1,1,0,0,662,1,0,0,0
62800,3,6,0,0,1,1,0,0,1,0,0,177,1,0,0,0
70000,0,6,0,0,1,1,1,0,0,0,0,785,1,0,0,0
13600,1,18,0,1,0,1,1,1,NA,NA,1,349,1,0,0,0
97400,3,6,0,0,0,1,0,0,1,0,0,213,1,0,0,0
37500,0,18,1,0,0,0,0,1,0,1,0,1578,0,0,0,1
22800,0,6,1,0,0,0,1,0,1,0,0,258,1,0,0,0
14200,0,6,0,1,0,1,1,0,NA,NA,1,192,1,0,0,0
18700,0,12,0,1,1,1,1,0,1,0,0,289,1,0,0,0
107400,1,24,0,0,1,0,0,0,0,0,0,1821,0,0,0,1
28900,0,24,0,1,0,1,1,1,0,1,0,905,1,0,0,0
38400,2,6,0,0,1,1,0,0,1,0,0,188,1,0,0,0
54200,0,18,0,0,1,1,1,0,NA,NA,1,1405,0,0,0,1
102700,0,18,1,0,1,0,0,0,NA,NA,1,2381,0,0,0,1
13300,1,6,0,1,0,1,1,0,1,0,0,184,1,0,0,0
60200,3,12,0,0,1,0,1,0,NA,NA,1,1364,0,0,0,1
21400,0,12,0,1,1,1,1,0,NA,NA,1,414,1,0,0,0
21700,2,6,0,1,0,1,1,0,NA,NA,1,387,1,0,0,0
23200,1,24,0,1,1,1,1,0,1,0,0,504,1,0,0,0
64800,2,12,0,0,1,0,0,0,0,1,0,574,1,0,0,0
55600,0,6,0,0,1,1,1,0,0,1,0,984,1,0,0,0
89500,0,24,0,0,1,0,0,1,0,0,0,5209,0,0,0,0
12500,1,12,0,1,0,1,1,1,NA,NA,1,422,1,0,0,0
87000,0,24,0,0,1,0,0,0,0,0,0,1594,0,0,0,1
31200,3,24,0,0,0,1,1,1,NA,NA,1,1087,0,0,0,1
13700,1,6,0,1,0,1,1,0,NA,NA,1,163,1,0,0,0
55500,3,18,0,0,1,0,1,0,1,0,0,427,1,0,0,0
58600,1,6,0,0,0,1,1,0,0,1,0,624,1,0,0,0
55900,1,6,0,1,0,0,0,1,NA,NA,1,788,1,0,0,0
13700,2,24,0,1,0,1,1,1,NA,NA,1,414,1,0,0,0
81400,0,24,1,0,0,0,0,1,0,0,0,3001,0,1,0,0
90500,0,6,1,0,0,0,0,0,0,0,0,863,1,0,0,0
82200,1,12,0,0,0,0,0,0,NA,NA,1,1517,0,0,0,1
65400,3,6,0,0,1,0,0,1,NA,NA,1,836,1,0,0,0
74400,0,12,0,0,1,0,1,0,0,0,0,1152,0,0,0,1
63300,3,6,0,1,1,1,0,1,NA,NA,1,1408,0,0,0,1
51600,0,12,0,1,1,1,0,1,NA,NA,1,1082,0,0,0,1
55000,0,12,0,1,1,1,0,1,NA,NA,1,1162,0,0,0,1
43900,2,6,0,0,0,0,1,0,1,0,0,358,1,0,0,0
20300,1,12,0,1,0,0,1,0,1,0,0,304,1,0,0,0
16300,0,12,0,1,0,0,1,1,NA,NA,1,360,1,0,0,0
97600,2,12,0,0,1,0,0,0,0,1,0,1162,0,0,0,1
15100,0,6,1,0,0,1,1,1,1,0,0,348,1,0,0,0
12500,3,12,0,1,0,1,1,0,NA,NA,1,206,1,0,0,0
10600,2,12,0,1,0,1,1,0,1,0,0,114,1,0,0,0
41300,1,18,0,0,0,0,1,0,NA,NA,1,932,1,0,0,0
27200,2,18,0,1,0,0,1,0,1,0,0,446,1,0,0,0
102400,1,12,0,0,1,0,0,0,NA,NA,1,2466,0,0,0,1
27900,1,12,0,1,0,0,1,1,NA,NA,1,576,1,0,0,0
23800,0,12,1,0,1,1,0,1,NA,NA,1,428,1,0,0,0
100000,1,24,0,0,1,0,0,0,0,0,0,2247,0,0,0,1
43300,3,24,0,0,0,1,0,1,0,1,0,716,1,0,0,0
65800,1,12,0,0,1,0,0,0,NA,NA,1,1017,0,0,0,1
49700,2,18,0,0,0,0,0,0,1,0,0,613,1,0,0,0
82300,2,12,0,0,0,1,0,0,0,1,0,580,1,0,0,0
41200,0,12,0,0,1,1,1,0,0,1,0,841,1,0,0,0
29200,0,18,0,1,1,1,1,0,1,0,0,737,1,0,0,0
51900,2,12,0,0,0,0,1,0,NA,NA,1,1162,0,0,0,1
85500,2,18,0,0,0,0,0,0,0,1,0,895,1,0,0,0
12400,3,18,0,1,0,1,1,1,1,0,0,205,1,0,0,0
111900,1,12,0,0,0,0,0,0,NA,NA,1,2340,0,0,0,1
40400,1,24,0,0,0,1,1,0,1,0,0,630,1,0,0,0
10900,0,24,0,1,1,1,1,1,1,0,0,407,1,0,0,0
82400,3,18,0,0,1,0,0,0,NA,NA,1,2122,0,0,0,1
13200,1,12,0,1,0,1,1,0,1,0,0,227,1,0,0,0
57800,0,24,0,0,1,1,1,0,0,1,0,1149,0,0,0,1
52200,1,12,1,0,0,0,0,0,0,1,0,669,1,0,0,0
64600,2,24,0,0,1,1,0,1,NA,NA,1,2935,0,1,0,0
43100,0,24,0,0,0,0,1,0,NA,NA,1,1444,0,0,0,1
40100,0,12,1,0,0,0,0,1,0,1,0,1384,0,0,0,1
84500,0,12,1,0,1,0,0,0,NA,NA,1,1557,0,0,0,1
34500,0,12,1,0,1,1,0,0,0,1,0,802,1,0,0,0
61000,1,18,0,1,0,1,0,0,NA,NA,1,1611,0,0,0,1
79300,0,12,1,0,0,0,0,1,NA,NA,1,2047,0,0,0,1
44500,0,24,0,0,1,1,1,0,0,1,0,1175,0,0,0,1
39700,0,18,0,1,1,1,0,0,0,1,0,1011,0,0,0,1
30300,0,18,1,0,0,0,1,0,1,0,0,1062,0,0,0,1
20100,1,12,0,1,0,1,1,0,1,0,0,271,1,0,0,0
86500,0,24,1,0,1,0,0,1,0,0,0,2690,0,1,0,0
42500,0,24,1,0,0,1,1,0,0,1,0,918,1,0,0,0
102300,0,24,0,0,1,0,0,0,0,0,0,2438,0,0,0,1
52600,2,12,0,0,0,0,1,1,0,1,0,1307,0,0,0,1
37800,2,12,0,0,0,1,1,1,NA,NA,1,1185,0,0,0,1
20300,2,12,0,1,0,1,1,0,1,0,0,180,1,0,0,0
71600,1,12,0,0,1,0,0,0,NA,NA,1,1198,0,0,0,1
54500,1,18,0,1,1,1,0,0,0,1,0,1001,0,0,0,1
54700,0,24,0,0,1,1,1,0,0,1,0,1355,0,0,0,1
58600,2,6,0,0,1,1,1,1,NA,NA,1,989,1,0,0,0
53800,0,12,0,0,1,1,1,1,0,0,0,1803,0,0,0,1
131500,3,6,0,0,0,0,0,0,NA,NA,1,2840,0,1,0,0
52200,0,24,0,0,1,1,1,1,0,0,0,1909,0,0,0,1
37200,1,6,0,1,1,1,0,0,1,0,0,247,1,0,0,0
22900,1,12,0,1,1,1,1,1,NA,NA,1,814,1,0,0,0
55500,3,12,0,1,1,1,0,0,1,0,0,216,1,0,0,0
12800,1,24,0,1,0,1,1,1,NA,NA,1,365,1,0,0,0
17600,2,18,0,1,0,1,1,0,1,0,0,163,1,0,0,0
28300,0,24,1,0,0,0,1,1,0,1,0,933,1,0,0,0
41900,0,6,1,0,1,0,1,0,0,1,0,654,1,0,0,0
14100,3,6,0,1,0,1,1,0,NA,NA,1,153,1,0,0,0
52100,0,12,0,0,1,1,1,0,NA,NA,1,1668,0,0,0,1
38700,1,18,0,0,1,1,1,1,0,1,0,1009,0,0,0,1
44100,1,18,0,0,0,1,1,1,0,1,0,1659,0,0,0,1
79200,1,6,0,0,1,0,0,1,0,0,0,1905,0,0,0,1
22600,3,6,0,1,0,1,1,0,NA,NA,1,521,1,0,0,0
55100,2,6,0,0,1,1,1,0,NA,NA,1,826,1,0,0,0
70400,0,18,1,0,0,0,0,1,0,0,0,2610,0,1,0,0
107300,2,24,0,0,1,0,0,0,0,1,0,1194,0,0,0,1
66500,1,24,0,0,0,1,0,0,NA,NA,1,1181,0,0,0,1
10200,0,24,0,1,1,1,1,0,NA,NA,1,362,1,0,0,0
41000,1,12,0,1,0,0,1,1,0,1,0,768,1,0,0,0
26200,1,12,0,0,0,1,1,0,1,0,0,381,1,0,0,0
72200,3,18,0,0,1,1,0,1,0,1,0,1811,0,0,0,1
36700,1,24,0,0,1,1,1,1,0,1,0,1218,0,0,0,1
74500,0,18,1,0,1,0,0,1,NA,NA,1,1413,0,0,0,1
60200,1,12,0,0,0,0,1,0,NA,NA,1,1748,0,0,0,1
34500,0,24,1,0,1,1,1,0,0,1,0,639,1,0,0,0
83700,0,18,1,0,0,0,0,0,0,0,0,1582,0,0,0,1
14800,1,12,0,1,1,1,1,1,NA,NA,1,376,1,0,0,0
106400,0,12,0,0,1,0,0,0,NA,NA,1,1757,0,0,0,1
42000,3,6,0,1,0,1,0,0,1,0,0,105,1,0,0,0
118800,0,12,0,0,1,1,0,0,0,0,0,2631,0,1,0,0
21900,2,24,0,1,0,0,1,1,1,0,0,486,1,0,0,0
39500,1,6,0,0,1,1,1,0,NA,NA,1,412,1,0,0,0
45900,0,12,0,0,1,1,1,0,0,1,0,716,1,0,0,0
37100,2,24,0,1,0,1,0,0,1,0,0,653,1,0,0,0
28200,1,6,0,0,0,1,1,0,1,0,0,224,1,0,0,0
74600,2,18,0,0,1,1,0,0,0,1,0,705,1,0,0,0
122700,1,18,0,0,1,0,0,0,NA,NA,1,4984,0,0,0,0
14200,2,18,0,1,0,1,1,0,1,0,0,197,1,0,0,0
75500,0,18,0,0,1,0,0,1,NA,NA,1,2450,0,0,0,1
62900,0,24,0,0,1,0,1,0,NA,NA,1,2561,0,1,0,0
19400,0,6,0,1,1,1,1,1,1,0,0,563,1,0,0,0
46600,0,12,0,0,0,1,1,0,NA,NA,1,546,1,0,0,0
79700,1,24,0,0,1,0,0,1,0,0,0,3384,0,1,0,0
45900,2,12,0,0,1,0,1,0,1,0,0,416,1,0,0,0
42800,0,6,1,0,0,0,0,0,0,1,0,685,1,0,0,0
65500,0,24,1,0,1,0,0,1,0,0,0,1931,0,0,0,1
33600,0,12,1,0,0,1,1,0,0,1,0,573,1,0,0,0
55600,1,18,0,0,0,0,1,1,0,0,0,1553,0,0,0,1
24000,2,6,0,1,0,1,1,0,NA,NA,1,362,1,0,0,0
25700,0,18,0,1,1,1,1,1,0,1,0,907,1,0,0,0
21500,0,18,1,0,0,0,0,0,1,0,0,445,1,0,0,0
68600,0,18,1,0,0,1,0,0,0,0,0,1342,0,0,0,1
23100,2,12,0,1,0,1,1,1,1,0,0,457,1,0,0,0
53300,0,24,0,0,0,1,0,0,0,1,0,1598,0,0,0,1
112800,0,12,1,0,0,0,0,0,0,0,0,1861,0,0,0,1
124900,0,18,1,0,1,0,0,0,0,0,0,4109,0,0,1,0
72200,0,18,0,0,0,0,1,0,NA,NA,1,3278,0,1,0,0
35100,1,6,0,0,1,1,1,0,1,0,0,421,1,0,0,0
14900,0,12,1,0,0,1,1,0,NA,NA,1,275,1,0,0,0
72000,0,12,0,0,1,1,1,0,0,0,0,1475,0,0,0,1
82400,0,18,0,0,1,0,0,0,0,0,0,1779,0,0,0,1
41600,3,24,0,1,1,1,0,0,NA,NA,1,1634,0,0,0,1
68500,2,12,0,0,0,0,0,0,NA,NA,1,1500,0,0,0,1
62200,0,24,0,1,1,0,0,0,0,0,0,1348,0,0,0,1
35900,0,12,1,0,0,0,1,0,NA,NA,1,962,1,0,0,0
14100,0,12,0,1,1,1,1,0,1,0,0,328,1,0,0,0
36500,1,18,0,1,0,1,0,0,NA,NA,1,747,1,0,0,0
86400,1,12,0,0,0,0,0,0,0,0,0,1713,0,0,0,1
39500,0,12,1,0,0,1,0,0,0,1,0,1006,0,0,0,1
85300,0,12,1,0,1,0,0,0,NA,NA,1,2523,0,1,0,0
110700,0,12,1,0,0,0,0,0,0,0,0,2458,0,0,0,1
17700,0,18,0,1,1,1,1,1,1,0,0,742,1,0,0,0
33200,1,24,0,1,0,1,0,1,NA,NA,1,1639,0,0,0,1
53800,0,12,0,0,0,0,1,0,0,1,0,843,1,0,0,0
44400,0,18,1,0,1,1,1,0,0,1,0,886,1,0,0,0
135700,1,24,0,0,0,1,0,0,0,0,0,2746,0,1,0,0
20700,1,12,0,1,0,1,1,1,1,0,0,550,1,0,0,0
83500,2,24,0,0,1,1,0,1,0,0,0,2098,0,0,0,1
84200,2,24,0,0,0,1,0,0,0,1,0,954,1,0,0,0
79900,1,12,0,0,0,1,0,0,0,1,0,1041,0,0,0,1
19700,0,6,1,0,0,1,1,1,1,0,0,535,1,0,0,0
35300,0,18,0,0,0,1,1,0,NA,NA,1,1369,0,0,0,1
52000,0,18,1,0,1,0,0,1,0,0,0,2545,0,1,0,0
21300,1,12,0,1,1,1,1,0,NA,NA,1,329,1,0,0,0
63700,0,6,0,0,1,0,1,0,NA,NA,1,1351,0,0,0,1
25900,0,18,1,0,0,0,0,0,1,0,0,582,1,0,0,0
65800,2,18,0,0,1,1,0,0,0,1,0,578,1,0,0,0
11000,0,24,1,0,0,1,1,0,NA,NA,1,195,1,0,0,0
65900,0,12,1,0,0,1,0,0,0,0,0,777,1,0,0,0
108100,1,12,0,0,0,0,0,0,0,0,0,1133,0,0,0,1
107300,2,18,0,0,1,0,0,0,0,1,0,1566,0,0,0,1
79500,0,12,0,0,0,1,0,0,0,0,0,1651,0,0,0,1
95900,0,24,0,0,0,1,0,0,NA,NA,1,3168,0,1,0,0
45200,1,18,0,0,1,1,1,0,0,1,0,699,1,0,0,0
98500,0,18,0,0,1,0,0,0,0,0,0,2034,0,0,0,1
96200,0,12,1,0,0,0,0,0,0,0,0,1457,0,0,0,1
17900,0,18,0,1,1,1,1,0,NA,NA,1,395,1,0,0,0
42700,0,6,0,0,1,0,0,0,0,1,0,541,1,0,0,0
49700,0,24,0,0,1,0,1,1,0,0,0,2844,0,1,0,0
43000,3,24,0,0,0,1,1,0,1,0,0,225,1,0,0,0
15500,1,6,0,1,0,1,1,0,1,0,0,210,1,0,0,0
13000,3,6,0,1,1,1,1,0,1,0,0,43,1,0,0,0
27200,3,24,0,0,0,1,1,0,1,0,0,243,1,0,0,0
26700,0,24,1,0,0,0,0,0,1,0,0,1120,0,0,0,1
61000,0,6,1,0,1,0,1,1,0,0,0,975,1,0,0,0
76600,3,24,0,0,0,0,0,0,NA,NA,1,2904,0,1,0,0
117500,2,12,0,0,1,0,0,0,0,1,0,927,1,0,0,0
90600,0,24,1,0,1,0,0,0,0,0,0,3167,0,1,0,0
12600,0,6,0,1,0,1,1,1,1,0,0,241,1,0,0,0
12700,2,6,1,0,0,0,1,0,1,0,0,65,1,0,0,0
77600,3,12,0,0,0,0,0,1,0,1,0,858,1,0,0,0
92400,1,6,0,0,0,1,0,1,NA,NA,1,2191,0,0,0,1
71800,0,24,1,0,0,1,0,0,0,0,0,1946,0,0,0,1
95800,3,12,0,0,1,0,0,1,NA,NA,1,2581,0,1,0,0
32600,3,12,0,1,0,0,1,0,1,0,0,172,1,0,0,0
74500,2,12,0,0,1,0,0,0,0,1,0,824,1,0,0,0
29200,0,12,1,0,0,1,1,0,1,0,0,556,1,0,0,0
12900,1,6,0,1,0,1,1,1,1,0,0,167,1,0,0,0
117700,1,12,0,0,1,1,0,0,0,0,0,2104,0,0,0,1
64100,1,18,0,0,0,0,0,0,0,1,0,1332,0,0,0,1
46500,1,24,0,0,0,1,1,0,0,1,0,829,1,0,0,0
12400,1,12,0,1,0,1,1,0,NA,NA,1,229,1,0,0,0
130600,0,18,0,0,1,0,0,1,0,0,0,3442,0,1,0,0
74400,0,6,0,0,1,0,0,1,0,0,0,1893,0,0,0,1
40600,2,6,1,0,0,0,1,1,0,1,0,690,1,0,0,0
54200,1,6,0,1,0,1,0,0,0,1,0,486,1,0,0,0
65400,1,12,0,0,1,0,1,1,0,0,0,2290,0,0,0,1
49100,0,6,0,0,1,1,1,0,NA,NA,1,934,1,0,0,0
10600,2,24,0,1,0,1,1,0,NA,NA,1,517,1,0,0,0
76400,0,12,0,1,0,1,0,0,NA,NA,1,2216,0,0,0,1
93700,1,24,0,0,0,1,0,0,0,0,0,1521,0,0,0,1
49000,0,18,0,0,1,1,1,1,0,0,0,1523,0,0,0,1
96500,1,18,0,0,0,0,0,0,0,0,0,1364,0,0,0,1
55600,0,12,0,0,1,0,1,0,NA,NA,1,952,1,0,0,0
99600,1,6,0,0,1,0,0,0,0,0,0,871,1,0,0,0
79900,3,12,0,0,0,0,0,0,1,0,0,295,1,0,0,0
50500,0,12,1,0,0,1,0,0,0,1,0,642,1,0,0,0
16300,0,6,1,0,0,0,1,1,1,0,0,317,1,0,0,0
49200,0,12,1,0,0,0,0,0,0,1,0,1078,0,0,0,1
48100,2,18,0,0,1,0,1,1,0,1,0,961,1,0,0,0
61300,2,24,0,0,1,0,1,1,0,0,0,1241,0,0,0,1
72600,1,18,0,0,0,0,0,0,NA,NA,1,1999,0,0,0,1
19500,0,24,0,1,1,1,1,1,NA,NA,1,571,1,0,0,0
17200,1,12,0,1,0,1,1,0,NA,NA,1,329,1,0,0,0
51100,0,24,0,0,1,1,1,1,0,0,0,1984,0,0,0,1
76800,1,18,0,0,1,0,1,0,0,1,0,1061,0,0,0,1
60200,0,12,0,0,1,0,1,1,0,0,0,1955,0,0,0,1
59100,2,18,0,0,1,1,1,0,1,0,0,580,1,0,0,0
32500,0,24,1,0,0,0,1,0,0,1,0,883,1,0,0,0
49500,2,12,0,0,0,1,1,1,0,1,0,1195,0,0,0,1
109600,1,12,0,0,1,0,0,0,0,0,0,2318,0,0,0,1
47300,0,6,0,1,0,1,0,0,NA,NA,1,640,1,0,0,0
93000,1,24,0,0,1,1,0,0,0,0,0,2644,0,1,0,0
32000,1,24,0,1,0,0,1,1,NA,NA,1,1320,0,0,0,1
44700,1,6,0,1,0,0,1,0,0,1,0,502,1,0,0,0
69400,0,18,1,0,0,0,0,0,0,0,0,2419,0,0,0,1
64300,2,6,0,0,1,0,0,0,0,1,0,661,1,0,0,0
75400,0,24,0,0,1,0,1,1,0,0,0,2723,0,1,0,0
96100,0,6,0,0,1,0,0,0,0,0,0,1588,0,0,0,1
118000,3,12,1,0,0,0,0,0,1,0,0,581,1,0,0,0
69700,1,12,0,1,1,1,0,0,0,1,0,1432,0,0,0,1
59300,0,12,1,0,1,0,1,0,0,1,0,929,1,0,0,0
88600,3,6,0,0,0,1,0,0,1,0,0,212,1,0,0,0
102600,0,18,0,0,1,0,0,0,0,0,0,2546,0,1,0,0
43700,0,18,0,0,1,1,1,0,NA,NA,1,1344,0,0,0,1
22400,0,24,1,0,0,0,0,0,NA,NA,1,947,1,0,0,0
70500,1,24,0,0,1,1,0,1,NA,NA,1,2145,0,0,0,1
54200,1,6,0,0,1,0,0,0,0,1,0,757,1,0,0,0
25300,1,6,0,0,0,0,1,1,NA,NA,1,451,1,0,0,0
116100,1,24,1,0,1,0,0,0,0,0,0,2975,0,1,0,0
15900,0,18,0,1,0,1,1,0,NA,NA,1,406,1,0,0,0
46600,3,6,0,0,0,0,1,0,1,0,0,158,1,0,0,0
23200,0,24,0,1,1,0,1,0,NA,NA,1,534,1,0,0,0
18200,0,12,0,1,1,1,1,0,1,0,0,401,1,0,0,0
82700,1,18,0,0,0,0,0,0,0,0,0,1753,0,0,0,1
17000,0,18,0,1,0,1,1,0,1,0,0,659,1,0,0,0
83000,2,6,0,0,1,0,0,0,0,1,0,726,1,0,0,0
42400,1,18,0,1,0,0,0,0,NA,NA,1,1166,0,0,0,1
40200,2,18,1,0,1,0,1,0,NA,NA,1,1197,0,0,0,1
17300,0,6,0,1,0,1,1,1,1,0,0,411,1,0,0,0
109800,1,24,0,0,0,0,0,0,0,0,0,2258,0,0,0,1
64400,3,24,0,0,0,0,1,1,0,1,0,1913,0,0,0,1
27600,1,24,0,1,0,1,1,1,0,1,0,893,1,0,0,0
25100,1,6,0,1,0,1,1,0,NA,NA,1,421,1,0,0,0
46300,3,6,0,0,0,0,1,0,NA,NA,1,1138,0,0,0,1
74900,0,12,1,0,0,0,0,1,NA,NA,1,1804,0,0,0,1
67900,0,18,0,0,1,0,1,0,0,0,0,1418,0,0,0,1
88500,2,24,0,0,1,1,0,0,0,1,0,1104,0,0,0,1
99200,3,12,0,0,1,0,0,0,NA,NA,1,2796,0,1,0,0
62800,0,18,1,0,0,0,0,0,0,0,0,1403,0,0,0,1
76900,2,24,1,0,1,0,0,1,0,0,0,3230,0,1,0,0
84100,3,6,0,0,1,0,0,0,NA,NA,1,1352,0,0,0,1
77600,0,18,1,0,0,0,0,0,0,0,0,2004,0,0,0,1
19100,1,18,0,1,0,1,1,0,1,0,0,403,1,0,0,0
128700,0,24,1,0,0,0,0,1,0,0,0,3995,0,0,1,0
14400,1,6,0,1,0,1,1,1,1,0,0,390,1,0,0,0
49600,0,6,1,0,1,1,0,0,0,1,0,770,1,0,0,0
47000,0,6,0,0,0,1,1,0,NA,NA,1,963,1,0,0,0
36600,0,6,0,1,0,1,0,0,0,1,0,833,1,0,0,0
65800,1,12,0,0,0,0,1,0,0,1,0,869,1,0,0,0
52800,2,12,0,0,1,1,0,1,0,1,0,926,1,0,0,0
96500,0,24,0,0,1,0,0,0,0,0,0,3780,0,0,1,0
63500,1,18,0,0,0,1,0,0,0,1,0,1023,0,0,0,1
60400,1,6,0,0,1,1,1,0,0,1,0,791,1,0,0,0
102700,3,12,0,0,1,0,0,0,NA,NA,1,1473,0,0,0,1
100100,2,6,0,0,1,0,0,0,NA,NA,1,1597,0,0,0,1
54400,0,6,0,0,1,1,1,0,0,1,0,1150,0,0,0,1
105600,3,6,0,0,1,1,0,0,1,0,0,304,1,0,0,0
57900,0,12,1,0,0,0,0,1,0,0,0,1693,0,0,0,1
31500,3,18,0,1,1,0,1,0,1,0,0,269,1,0,0,0
60100,1,18,0,0,0,1,0,1,0,0,0,1430,0,0,0,1
87400,2,18,0,0,1,1,0,0,NA,NA,1,2729,0,1,0,0
117900,0,6,0,0,1,0,0,0,0,0,0,1760,0,0,0,1
48800,1,24,0,0,1,0,1,0,0,1,0,1271,0,0,0,1
67900,3,12,0,0,0,0,0,0,1,0,0,356,1,0,0,0
66200,0,6,1,0,1,1,0,1,NA,NA,1,1024,0,0,0,1
88000,2,6,0,0,1,1,0,0,0,1,0,524,1,0,0,0
94200,1,18,0,0,1,1,0,0,0,0,0,1211,0,0,0,1
29200,3,6,0,1,0,1,1,0,NA,NA,1,636,1,0,0,0
15300,0,24,0,1,1,1,1,1,1,0,0,645,1,0,0,0
17500,0,18,0,1,1,1,1,1,1,0,0,472,1,0,0,0
168800,0,6,1,0,1,0,0,0,0,0,0,1512,0,0,0,1
40200,0,18,0,0,1,1,1,1,0,0,0,1634,0,0,0,1
28400,3,18,0,1,1,1,1,0,1,0,0,182,1,0,0,0
72200,3,18,0,0,1,1,0,1,0,1,0,1042,0,0,0,1
55200,0,18,0,0,0,0,1,1,0,0,0,1714,0,0,0,1
44600,0,18,0,0,0,1,1,0,0,1,0,966,1,0,0,0
58400,0,12,0,0,1,0,1,0,0,1,0,829,1,0,0,0
67800,1,6,0,0,0,0,1,0,0,1,0,680,1,0,0,0
25500,0,18,1,0,0,0,1,0,1,0,0,636,1,0,0,0
20000,3,6,0,1,0,1,1,1,1,0,0,182,1,0,0,0
52600,1,18,0,0,1,1,1,1,NA,NA,1,1773,0,0,0,1
97600,1,12,0,0,1,1,0,1,NA,NA,1,2902,0,1,0,0
23400,0,6,1,0,1,0,0,0,1,0,0,348,1,0,0,0
102500,3,12,0,0,0,0,0,0,1,0,0,548,1,0,0,0
52300,1,18,0,0,0,0,0,1,0,0,0,2034,0,0,0,1
65400,0,12,0,0,1,1,1,1,0,0,0,2296,0,0,0,1
19600,0,12,0,1,1,1,1,0,1,0,0,395,1,0,0,0
37000,0,12,1,0,1,0,0,1,0,1,0,850,1,0,0,0
13200,0,18,0,1,0,1,1,1,NA,NA,1,512,1,0,0,0
63800,1,24,0,0,1,1,1,0,0,1,0,1622,0,0,0,1
22600,0,12,1,0,0,1,1,1,NA,NA,1,865,1,0,0,0
37300,0,6,1,0,0,0,1,0,0,1,0,673,1,0,0,0
14900,1,12,0,1,1,1,1,1,NA,NA,1,422,1,0,0,0
36700,1,6,0,0,0,0,1,0,NA,NA,1,529,1,0,0,0
63200,0,24,0,0,1,0,1,0,0,0,0,1932,0,0,0,1
77300,0,18,1,0,1,0,0,0,0,0,0,1853,0,0,0,1
43100,1,12,0,0,1,1,1,0,NA,NA,1,1224,0,0,0,1
44800,1,6,0,0,0,1,1,1,0,1,0,666,1,0,0,0
70900,0,24,1,0,0,1,0,0,0,0,0,1685,0,0,0,1
38200,0,24,0,0,0,1,1,1,0,1,0,1476,0,0,0,1
18400,1,6,0,1,0,1,1,1,1,0,0,319,1,0,0,0
40700,3,18,0,0,0,1,1,0,1,0,0,232,1,0,0,0
71300,0,18,1,0,1,0,1,0,0,0,0,1543,0,0,0,1
36400,2,18,0,0,0,1,1,0,1,0,0,506,1,0,0,0
15400,0,6,0,1,1,1,1,0,1,0,0,172,1,0,0,0
39100,1,12,0,0,1,0,1,1,0,1,0,1001,0,0,0,1
43800,0,12,0,0,1,1,1,0,0,1,0,606,1,0,0,0
25300,0,12,0,1,1,1,1,1,0,1,0,591,1,0,0,0
71800,0,12,1,0,1,1,0,0,0,0,0,1389,0,0,0,1
73200,0,24,0,0,1,0,1,0,0,0,0,2177,0,0,0,1
79000,1,18,0,0,1,0,0,1,0,0,0,2279,0,0,0,1
75200,1,24,0,0,0,1,0,0,NA,NA,1,2702,0,1,0,0
25300,3,6,0,1,0,1,1,0,NA,NA,1,510,1,0,0,0
43600,0,12,1,0,0,0,0,0,0,1,0,1047,0,0,0,1
83600,2,6,0,0,1,0,0,0,0,1,0,538,1,0,0,0
56200,0,18,0,0,0,0,1,1,0,0,0,1546,0,0,0,1
45500,0,6,0,1,1,1,0,0,0,1,0,754,1,0,0,0
99300,1,12,0,0,1,0,0,0,0,0,0,1504,0,0,0,1
108000,3,24,0,0,1,0,0,1,0,0,0,1849,0,0,0,1
84900,1,24,0,0,0,0,0,1,0,0,0,3072,0,1,0,0
93000,3,6,0,0,1,0,0,1,0,0,0,1046,0,0,0,1
82000,0,18,0,0,0,0,0,0,0,0,0,1800,0,0,0,1
33000,3,6,1,0,0,0,1,0,NA,NA,1,700,1,0,0,0
36900,2,24,0,0,0,0,1,0,1,0,0,514,1,0,0,0
33200,1,6,0,0,0,1,1,0,NA,NA,1,320,1,0,0,0
49300,0,24,0,1,1,1,0,0,NA,NA,1,1692,0,0,0,1
66200,0,24,1,0,1,1,0,1,0,0,0,2057,0,0,0,1
96800,2,18,0,0,1,0,0,1,0,0,0,2299,0,0,0,1
63200,0,24,1,0,1,0,1,0,0,0,0,1507,0,0,0,1
112900,0,24,1,0,1,0,0,1,0,0,0,6217,0,0,0,0
32100,2,24,0,0,0,1,1,0,1,0,0,405,1,0,0,0
102700,1,18,0,0,1,0,0,1,0,0,0,3785,0,0,1,0
123800,2,18,0,0,1,0,0,0,NA,NA,1,3537,0,0,1,0
11700,0,18,1,0,0,1,1,1,1,0,0,540,1,0,0,0
101700,1,6,0,0,1,0,0,0,NA,NA,1,941,1,0,0,0
99200,0,24,0,0,0,0,0,1,0,0,0,5503,0,0,0,0
17600,0,6,0,1,1,1,1,0,NA,NA,1,273,1,0,0,0
19400,1,18,0,1,0,1,1,0,NA,NA,1,384,1,0,0,0
40500,1,18,0,0,1,1,1,1,NA,NA,1,1073,0,0,0,1
44800,0,24,1,0,1,0,1,0,0,1,0,1417,0,0,0,1
79000,2,18,0,0,1,0,0,0,0,1,0,671,1,0,0,0
53600,1,24,0,1,1,1,0,0,0,1,0,973,1,0,0,0
